id,session_id,user_id,role,content,action_type,metadata,embedding,message_timestamp,token_count,created_at,raw_response
0c1c32cd-2fcb-4bde-a860-b4c8889ad307,01945bc3-4b11-4e63-a89c-c408fd949444,a0eebc99-9c0b-4ef8-bb6d-6bb9bd380a11,user,How can I build more influence in my workplace?,,,,2025-06-18 10:57:56.899+00,,2025-06-18 10:57:56.899+00,
0e968019-83b5-43df-a635-1eb0ef710867,af5653e0-ab89-47d7-b464-2ece5433238e,a0eebc99-9c0b-4ef8-bb6d-6bb9bd380a11,user,what does she say about modeling?,,,,2025-06-18 11:44:18.764+00,,2025-06-18 11:44:18.764+00,
114900ee-ef26-4b5b-96b2-59a74b5cb5b6,01945bc3-4b11-4e63-a89c-c408fd949444,a0eebc99-9c0b-4ef8-bb6d-6bb9bd380a11,user,How can I build more influence in my workplace?,,,,2025-06-18 10:57:47.994+00,,2025-06-18 10:57:47.994+00,
15a3c0e6-24ae-4fc5-a8cd-adf3575d942c,01945bc3-4b11-4e63-a89c-c408fd949444,a0eebc99-9c0b-4ef8-bb6d-6bb9bd380a11,assistant,"To build more influence in your workplace, start by enhancing your visibility and credibility among your peers and leaders. This can be achieved through consistent performance and by actively participating in team projects. Ensure you contribute valuable insights during meetings and share your expertise in relevant discussions. Building a personal brand around your skills will help others recognize you as a go-to person in your domain.

Next, focus on relationship-building. Cultivate strong connections with colleagues across different departments. Engage in informal conversations, offer assistance, and show genuine interest in their work. Networking within your organization can open doors to collaboration, making it easier for you to influence decisions and garner support for your initiatives.

Lastly, consider leveraging your team's strengths. Collaborate with your team to identify joint goals and showcase collective achievements to management. This not only amplifies your influence but also positions you as a leader who values teamwork. 

Power Move: Schedule regular check-ins with key stakeholders to discuss their needs and how you can support them.",,,,2025-06-18 10:57:55.92+00,,2025-06-18 10:57:55.92+00,
16277c44-518d-46b4-bd83-cd2992836401,af5653e0-ab89-47d7-b464-2ece5433238e,a0eebc99-9c0b-4ef8-bb6d-6bb9bd380a11,assistant,"Amy Gallo emphasizes the importance of offering value in professional interactions, particularly when faced with individuals who may not appreciate or acknowledge your contributions. She suggests that when encountering someone who dismisses your voice or perspective, it's crucial to focus on the value you bring to the table rather than seeking validation from them. Gallo advocates for understanding your unique strengths and leveraging them to influence others, regardless of their initial reception. By aligning your contributions with the needs of the audience or stakeholders, you can enhance your impact. If someone does not value your input, it can be beneficial to seek constructive feedback or find alternative avenues to express your ideas, ensuring they are heard in the right context or by the right people. In essence, Gallo encourages a mindset shift: rather than being disheartened by disregard, use it as an opportunity to refine your approach and demonstrate your value through results and consistent engagement. Power Move: Identify key stakeholders who appreciate your insights and build relationships with them to amplify your voice.",,,,2025-06-18 11:43:57.356+00,,2025-06-18 11:43:57.356+00,
163ae7c5-3fa9-4b2c-93bc-4b2bf5507626,63b951f3-9628-4476-88c2-6d9a0d15ecc6,884e627b-8049-41cb-ad9c-c880aa188345,assistant,"Handling difficult conversations, especially in a mid-management role, requires a strategic approach. Here are some steps to consider:

1. **Prepare Thoroughly**: Before the conversation, clarify your objectives. What do you want to achieve? Identify key points you need to address, and anticipate the other person's perspective or objections. This preparation will help you remain focused and calm.

2. **Create a Safe Environment**: Start the conversation in a private, neutral setting where both parties feel comfortable. Use open body language and maintain a balanced tone to foster a constructive atmosphere. This can help reduce defensiveness and encourage open dialogue.

3. **Use Active Listening**: During the conversation, practice active listening by paraphrasing what the other person says to ensure understanding. This shows respect for their viewpoint and can help de-escalate tension. Aim to find common ground and demonstrate empathy, even if you disagree.

4. **Be Clear and Direct**: When it’s your turn to speak, express your thoughts clearly and concisely. Avoid ambiguous language; instead, use specific examples to illustrate your points. Maintaining a calm demeanor will also help convey your message effectively.

5. **Focus on Solutions**: Shift the conversation from problems to solutions. Collaborate on finding a way forward that addresses both parties' concerns. This not only resolves the immediate issue but also strengthens your professional relationship.

Power Move: Schedule a follow-up meeting to review progress on solutions discussed, reinforcing accountability and commitment.",,,,2025-06-18 10:30:31.953+00,,2025-06-18 10:30:31.953+00,
1fe91600-e6f3-4042-a108-dfdbd4be0c0c,af5653e0-ab89-47d7-b464-2ece5433238e,a0eebc99-9c0b-4ef8-bb6d-6bb9bd380a11,assistant,"Networking is a vital skill that can significantly impact your career, especially in mid-management where building relationships can facilitate collaboration and strategic initiatives. Here’s a comprehensive approach to effective networking: 1. **Identify Your Goals**: Start by defining what you hope to achieve through networking. Are you looking to gain insights, find mentors, or explore new opportunities? Clear objectives will guide your interactions. 2. **Leverage Existing Connections**: Reach out to your current contacts and express your networking goals. Ask for introductions to individuals in your desired field or area of interest. This warm approach can increase your chances of meaningful connections. 3. **Engage in Professional Communities**: Participate in industry events, workshops, and online forums relevant to your field. Actively engaging in discussions and sharing your insights can position you as a knowledgeable resource, enhancing your visibility. 4. **Follow Up and Build Relationships**: After initial meetings, send follow-up messages to express appreciation and maintain the connection. Regularly check in with your contacts to nurture relationships over time, not just when you need something. 5. **Offer Value**: Networking is a two-way street. Look for opportunities to provide value to others, whether through sharing resources, insights, or introductions. This can help create a reciprocal relationship where both parties benefit. Power Move: Set a goal to connect with three new people each month and schedule regular follow-ups to cultivate those relationships.",,,,2025-06-18 11:38:52.585+00,,2025-06-18 11:38:52.585+00,
2d93177b-df35-4e8d-8488-c6b2ae208c36,363c42f5-d08c-400c-9b4c-9def6a32f222,a0eebc99-9c0b-4ef8-bb6d-6bb9bd380a11,user,How can I build more influence in my workplace?,,,,2025-06-18 11:12:10.21+00,,2025-06-18 11:12:10.21+00,
319aa231-2b6d-47b4-bdfd-ebec2419fbfe,af5653e0-ab89-47d7-b464-2ece5433238e,a0eebc99-9c0b-4ef8-bb6d-6bb9bd380a11,assistant,"Could you clarify who ""she"" refers to in your question about modeling? Are you asking about a specific person in your workplace or a concept related to modeling in a professional context? Understanding this will help me provide a more tailored response.",,,,2025-06-18 11:44:26.021+00,,2025-06-18 11:44:26.021+00,
3452a766-f7d0-4b4b-b918-ef9e01ece2b0,550e8400-e29b-41d4-a716-446655440001,a0eebc99-9c0b-4ef8-bb6d-6bb9bd380a11,assistant,"Those are common signs of disengagement. Here are three power moves to re-energize your meetings: 1) Start with a 2-minute personal check-in round, 2) Use the ""phone parking lot"" technique, 3) Implement rotating leadership for agenda items.",,,,2025-06-18 17:33:35.888+00,,2025-06-18 17:33:33.834219+00,
358d82fe-3596-4737-819d-fd220d165ecc,63b951f3-9628-4476-88c2-6d9a0d15ecc6,a0eebc99-9c0b-4ef8-bb6d-6bb9bd380a11,assistant,"Psychological commitment refers to the emotional and cognitive attachment an individual has to an organization, team, or specific goal. It encompasses the extent to which a person identifies with their workplace and feels a sense of belonging, responsibility, and loyalty. This commitment can significantly influence an employee's motivation, performance, and retention. Key components of psychological commitment include: 1. **Affective Commitment**: This aspect reflects an emotional attachment to the organization. Employees who feel a strong emotional connection are more likely to be engaged and motivated. They often align their personal values with the organization's mission, leading to higher job satisfaction. 2. **Continuance Commitment**: This refers to the perceived cost of leaving the organization. Employees may stay because they feel they have invested too much (in terms of time, effort, or resources) to leave, even if they are not emotionally attached. This can create a sense of obligation rather than genuine commitment. 3. **Normative Commitment**: This is based on the feeling of obligation to remain with the organization. Employees may feel that they should stay due to social or cultural norms, or because they believe their loyalty is expected. To foster psychological commitment within your team, consider these strategies: - **Engage in Open Communication**: Encourage dialogue to understand employees' needs and concerns. This builds trust and a sense of belonging. - **Align Values**: Ensure that the organization's values resonate with those of your team members. When individuals see their own values reflected in their work, commitment increases. - **Recognize Contributions**: Acknowledge achievements and efforts, which reinforces a sense of belonging and loyalty. By focusing on these areas, you can enhance psychological commitment within your team, ultimately leading to improved performance and lower turnover. **Power Move:** Schedule regular one-on-one check-ins to discuss values and goals, fostering stronger emotional connections with your team.",,,,2025-06-18 18:42:22.492+00,,2025-06-18 18:42:22.492+00,"{""model"": ""gpt-4o-mini"", ""chunks"": [{""id"": ""chatcmpl-Bjs1h2RSf1y7d1NHhVWT5NGXQIbsp"", ""model"": ""gpt-4o-mini-2024-07-18"", ""object"": ""chat.completion.chunk"", ""choices"": [{""delta"": {""role"": ""assistant"", ""content"": """", ""refusal"": null}, ""index"": 0, ""logprobs"": null, ""finish_reason"": null}], ""created"": 1750272137, ""service_tier"": ""default"", ""system_fingerprint"": ""fp_34a54ae93c""}, {""id"": ""chatcmpl-Bjs1h2RSf1y7d1NHhVWT5NGXQIbsp"", ""model"": ""gpt-4o-mini-2024-07-18"", ""object"": ""chat.completion.chunk"", ""choices"": [{""delta"": {""content"": ""Psych""}, ""index"": 0, ""logprobs"": null, ""finish_reason"": null}], ""created"": 1750272137, ""service_tier"": ""default"", ""system_fingerprint"": ""fp_34a54ae93c""}, {""id"": ""chatcmpl-Bjs1h2RSf1y7d1NHhVWT5NGXQIbsp"", ""model"": ""gpt-4o-mini-2024-07-18"", ""object"": ""chat.completion.chunk"", ""choices"": [{""delta"": {""content"": ""ological""}, ""index"": 0, ""logprobs"": null, ""finish_reason"": null}], ""created"": 1750272137, ""service_tier"": ""default"", ""system_fingerprint"": ""fp_34a54ae93c""}, {""id"": ""chatcmpl-Bjs1h2RSf1y7d1NHhVWT5NGXQIbsp"", ""model"": ""gpt-4o-mini-2024-07-18"", ""object"": ""chat.completion.chunk"", ""choices"": [{""delta"": {""content"": "" commitment""}, ""index"": 0, ""logprobs"": null, ""finish_reason"": null}], ""created"": 1750272137, ""service_tier"": ""default"", ""system_fingerprint"": ""fp_34a54ae93c""}, {""id"": ""chatcmpl-Bjs1h2RSf1y7d1NHhVWT5NGXQIbsp"", ""model"": ""gpt-4o-mini-2024-07-18"", ""object"": ""chat.completion.chunk"", ""choices"": [{""delta"": {""content"": "" refers""}, ""index"": 0, ""logprobs"": null, ""finish_reason"": null}], ""created"": 1750272137, ""service_tier"": ""default"", ""system_fingerprint"": ""fp_34a54ae93c""}, {""id"": ""chatcmpl-Bjs1h2RSf1y7d1NHhVWT5NGXQIbsp"", ""model"": ""gpt-4o-mini-2024-07-18"", ""object"": ""chat.completion.chunk"", ""choices"": [{""delta"": {""content"": "" to""}, ""index"": 0, ""logprobs"": null, ""finish_reason"": null}], ""created"": 1750272137, ""service_tier"": ""default"", ""system_fingerprint"": ""fp_34a54ae93c""}, {""id"": ""chatcmpl-Bjs1h2RSf1y7d1NHhVWT5NGXQIbsp"", ""model"": ""gpt-4o-mini-2024-07-18"", ""object"": ""chat.completion.chunk"", ""choices"": [{""delta"": {""content"": "" the""}, ""index"": 0, ""logprobs"": null, ""finish_reason"": null}], ""created"": 1750272137, ""service_tier"": ""default"", ""system_fingerprint"": ""fp_34a54ae93c""}, {""id"": ""chatcmpl-Bjs1h2RSf1y7d1NHhVWT5NGXQIbsp"", ""model"": ""gpt-4o-mini-2024-07-18"", ""object"": ""chat.completion.chunk"", ""choices"": [{""delta"": {""content"": "" emotional""}, ""index"": 0, ""logprobs"": null, ""finish_reason"": null}], ""created"": 1750272137, ""service_tier"": ""default"", ""system_fingerprint"": ""fp_34a54ae93c""}, {""id"": ""chatcmpl-Bjs1h2RSf1y7d1NHhVWT5NGXQIbsp"", ""model"": ""gpt-4o-mini-2024-07-18"", ""object"": ""chat.completion.chunk"", ""choices"": [{""delta"": {""content"": "" and""}, ""index"": 0, ""logprobs"": null, ""finish_reason"": null}], ""created"": 1750272137, ""service_tier"": ""default"", ""system_fingerprint"": ""fp_34a54ae93c""}, {""id"": ""chatcmpl-Bjs1h2RSf1y7d1NHhVWT5NGXQIbsp"", ""model"": ""gpt-4o-mini-2024-07-18"", ""object"": ""chat.completion.chunk"", ""choices"": [{""delta"": {""content"": "" cognitive""}, ""index"": 0, ""logprobs"": null, ""finish_reason"": null}], ""created"": 1750272137, ""service_tier"": ""default"", ""system_fingerprint"": ""fp_34a54ae93c""}, {""id"": ""chatcmpl-Bjs1h2RSf1y7d1NHhVWT5NGXQIbsp"", ""model"": ""gpt-4o-mini-2024-07-18"", ""object"": ""chat.completion.chunk"", ""choices"": [{""delta"": {""content"": "" attachment""}, ""index"": 0, ""logprobs"": null, ""finish_reason"": null}], ""created"": 1750272137, ""service_tier"": ""default"", ""system_fingerprint"": ""fp_34a54ae93c""}, {""id"": ""chatcmpl-Bjs1h2RSf1y7d1NHhVWT5NGXQIbsp"", ""model"": ""gpt-4o-mini-2024-07-18"", ""object"": ""chat.completion.chunk"", ""choices"": [{""delta"": {""content"": "" an""}, ""index"": 0, ""logprobs"": null, ""finish_reason"": null}], ""created"": 1750272137, ""service_tier"": ""default"", ""system_fingerprint"": ""fp_34a54ae93c""}, {""id"": ""chatcmpl-Bjs1h2RSf1y7d1NHhVWT5NGXQIbsp"", ""model"": ""gpt-4o-mini-2024-07-18"", ""object"": ""chat.completion.chunk"", ""choices"": [{""delta"": {""content"": "" individual""}, ""index"": 0, ""logprobs"": null, ""finish_reason"": null}], ""created"": 1750272137, ""service_tier"": ""default"", ""system_fingerprint"": ""fp_34a54ae93c""}, {""id"": ""chatcmpl-Bjs1h2RSf1y7d1NHhVWT5NGXQIbsp"", ""model"": ""gpt-4o-mini-2024-07-18"", ""object"": ""chat.completion.chunk"", ""choices"": [{""delta"": {""content"": "" has""}, ""index"": 0, ""logprobs"": null, ""finish_reason"": null}], ""created"": 1750272137, ""service_tier"": ""default"", ""system_fingerprint"": ""fp_34a54ae93c""}, {""id"": ""chatcmpl-Bjs1h2RSf1y7d1NHhVWT5NGXQIbsp"", ""model"": ""gpt-4o-mini-2024-07-18"", ""object"": ""chat.completion.chunk"", ""choices"": [{""delta"": {""content"": "" to""}, ""index"": 0, ""logprobs"": null, ""finish_reason"": null}], ""created"": 1750272137, ""service_tier"": ""default"", ""system_fingerprint"": ""fp_34a54ae93c""}, {""id"": ""chatcmpl-Bjs1h2RSf1y7d1NHhVWT5NGXQIbsp"", ""model"": ""gpt-4o-mini-2024-07-18"", ""object"": ""chat.completion.chunk"", ""choices"": [{""delta"": {""content"": "" an""}, ""index"": 0, ""logprobs"": null, ""finish_reason"": null}], ""created"": 1750272137, ""service_tier"": ""default"", ""system_fingerprint"": ""fp_34a54ae93c""}, {""id"": ""chatcmpl-Bjs1h2RSf1y7d1NHhVWT5NGXQIbsp"", ""model"": ""gpt-4o-mini-2024-07-18"", ""object"": ""chat.completion.chunk"", ""choices"": [{""delta"": {""content"": "" organization""}, ""index"": 0, ""logprobs"": null, ""finish_reason"": null}], ""created"": 1750272137, ""service_tier"": ""default"", ""system_fingerprint"": ""fp_34a54ae93c""}, {""id"": ""chatcmpl-Bjs1h2RSf1y7d1NHhVWT5NGXQIbsp"", ""model"": ""gpt-4o-mini-2024-07-18"", ""object"": ""chat.completion.chunk"", ""choices"": [{""delta"": {""content"": "",""}, ""index"": 0, ""logprobs"": null, ""finish_reason"": null}], ""created"": 1750272137, ""service_tier"": ""default"", ""system_fingerprint"": ""fp_34a54ae93c""}, {""id"": ""chatcmpl-Bjs1h2RSf1y7d1NHhVWT5NGXQIbsp"", ""model"": ""gpt-4o-mini-2024-07-18"", ""object"": ""chat.completion.chunk"", ""choices"": [{""delta"": {""content"": "" team""}, ""index"": 0, ""logprobs"": null, ""finish_reason"": null}], ""created"": 1750272137, ""service_tier"": ""default"", ""system_fingerprint"": ""fp_34a54ae93c""}, {""id"": ""chatcmpl-Bjs1h2RSf1y7d1NHhVWT5NGXQIbsp"", ""model"": ""gpt-4o-mini-2024-07-18"", ""object"": ""chat.completion.chunk"", ""choices"": [{""delta"": {""content"": "",""}, ""index"": 0, ""logprobs"": null, ""finish_reason"": null}], ""created"": 1750272137, ""service_tier"": ""default"", ""system_fingerprint"": ""fp_34a54ae93c""}, {""id"": ""chatcmpl-Bjs1h2RSf1y7d1NHhVWT5NGXQIbsp"", ""model"": ""gpt-4o-mini-2024-07-18"", ""object"": ""chat.completion.chunk"", ""choices"": [{""delta"": {""content"": "" or""}, ""index"": 0, ""logprobs"": null, ""finish_reason"": null}], ""created"": 1750272137, ""service_tier"": ""default"", ""system_fingerprint"": ""fp_34a54ae93c""}, {""id"": ""chatcmpl-Bjs1h2RSf1y7d1NHhVWT5NGXQIbsp"", ""model"": ""gpt-4o-mini-2024-07-18"", ""object"": ""chat.completion.chunk"", ""choices"": [{""delta"": {""content"": "" specific""}, ""index"": 0, ""logprobs"": null, ""finish_reason"": null}], ""created"": 1750272137, ""service_tier"": ""default"", ""system_fingerprint"": ""fp_34a54ae93c""}, {""id"": ""chatcmpl-Bjs1h2RSf1y7d1NHhVWT5NGXQIbsp"", ""model"": ""gpt-4o-mini-2024-07-18"", ""object"": ""chat.completion.chunk"", ""choices"": [{""delta"": {""content"": "" goal""}, ""index"": 0, ""logprobs"": null, ""finish_reason"": null}], ""created"": 1750272137, ""service_tier"": ""default"", ""system_fingerprint"": ""fp_34a54ae93c""}, {""id"": ""chatcmpl-Bjs1h2RSf1y7d1NHhVWT5NGXQIbsp"", ""model"": ""gpt-4o-mini-2024-07-18"", ""object"": ""chat.completion.chunk"", ""choices"": [{""delta"": {""content"": "".""}, ""index"": 0, ""logprobs"": null, ""finish_reason"": null}], ""created"": 1750272137, ""service_tier"": ""default"", ""system_fingerprint"": ""fp_34a54ae93c""}, {""id"": ""chatcmpl-Bjs1h2RSf1y7d1NHhVWT5NGXQIbsp"", ""model"": ""gpt-4o-mini-2024-07-18"", ""object"": ""chat.completion.chunk"", ""choices"": [{""delta"": {""content"": "" It""}, ""index"": 0, ""logprobs"": null, ""finish_reason"": null}], ""created"": 1750272137, ""service_tier"": ""default"", ""system_fingerprint"": ""fp_34a54ae93c""}, {""id"": ""chatcmpl-Bjs1h2RSf1y7d1NHhVWT5NGXQIbsp"", ""model"": ""gpt-4o-mini-2024-07-18"", ""object"": ""chat.completion.chunk"", ""choices"": [{""delta"": {""content"": "" encompasses""}, ""index"": 0, ""logprobs"": null, ""finish_reason"": null}], ""created"": 1750272137, ""service_tier"": ""default"", ""system_fingerprint"": ""fp_34a54ae93c""}, {""id"": ""chatcmpl-Bjs1h2RSf1y7d1NHhVWT5NGXQIbsp"", ""model"": ""gpt-4o-mini-2024-07-18"", ""object"": ""chat.completion.chunk"", ""choices"": [{""delta"": {""content"": "" the""}, ""index"": 0, ""logprobs"": null, ""finish_reason"": null}], ""created"": 1750272137, ""service_tier"": ""default"", ""system_fingerprint"": ""fp_34a54ae93c""}, {""id"": ""chatcmpl-Bjs1h2RSf1y7d1NHhVWT5NGXQIbsp"", ""model"": ""gpt-4o-mini-2024-07-18"", ""object"": ""chat.completion.chunk"", ""choices"": [{""delta"": {""content"": "" extent""}, ""index"": 0, ""logprobs"": null, ""finish_reason"": null}], ""created"": 1750272137, ""service_tier"": ""default"", ""system_fingerprint"": ""fp_34a54ae93c""}, {""id"": ""chatcmpl-Bjs1h2RSf1y7d1NHhVWT5NGXQIbsp"", ""model"": ""gpt-4o-mini-2024-07-18"", ""object"": ""chat.completion.chunk"", ""choices"": [{""delta"": {""content"": "" to""}, ""index"": 0, ""logprobs"": null, ""finish_reason"": null}], ""created"": 1750272137, ""service_tier"": ""default"", ""system_fingerprint"": ""fp_34a54ae93c""}, {""id"": ""chatcmpl-Bjs1h2RSf1y7d1NHhVWT5NGXQIbsp"", ""model"": ""gpt-4o-mini-2024-07-18"", ""object"": ""chat.completion.chunk"", ""choices"": [{""delta"": {""content"": "" which""}, ""index"": 0, ""logprobs"": null, ""finish_reason"": null}], ""created"": 1750272137, ""service_tier"": ""default"", ""system_fingerprint"": ""fp_34a54ae93c""}, {""id"": ""chatcmpl-Bjs1h2RSf1y7d1NHhVWT5NGXQIbsp"", ""model"": ""gpt-4o-mini-2024-07-18"", ""object"": ""chat.completion.chunk"", ""choices"": [{""delta"": {""content"": "" a""}, ""index"": 0, ""logprobs"": null, ""finish_reason"": null}], ""created"": 1750272137, ""service_tier"": ""default"", ""system_fingerprint"": ""fp_34a54ae93c""}, {""id"": ""chatcmpl-Bjs1h2RSf1y7d1NHhVWT5NGXQIbsp"", ""model"": ""gpt-4o-mini-2024-07-18"", ""object"": ""chat.completion.chunk"", ""choices"": [{""delta"": {""content"": "" person""}, ""index"": 0, ""logprobs"": null, ""finish_reason"": null}], ""created"": 1750272137, ""service_tier"": ""default"", ""system_fingerprint"": ""fp_34a54ae93c""}, {""id"": ""chatcmpl-Bjs1h2RSf1y7d1NHhVWT5NGXQIbsp"", ""model"": ""gpt-4o-mini-2024-07-18"", ""object"": ""chat.completion.chunk"", ""choices"": [{""delta"": {""content"": "" identifies""}, ""index"": 0, ""logprobs"": null, ""finish_reason"": null}], ""created"": 1750272137, ""service_tier"": ""default"", ""system_fingerpri..."
39b1bb88-7f17-474c-b6a1-55bbc86da2a4,af5653e0-ab89-47d7-b464-2ece5433238e,a0eebc99-9c0b-4ef8-bb6d-6bb9bd380a11,user,expand on offering value,,,,2025-06-18 11:40:05.444+00,,2025-06-18 11:40:05.444+00,
3b33a2c5-e418-4313-8d5d-1f137046dc9a,550e8400-e29b-41d4-a716-446655440001,a0eebc99-9c0b-4ef8-bb6d-6bb9bd380a11,user,The phone parking lot sounds interesting. How exactly does that work?,,,,2025-06-18 17:33:37.101+00,,2025-06-18 17:33:34.014625+00,
3d4d0b35-1ab4-40ab-bd14-92251382228b,550e8400-e29b-41d4-a716-446655440002,a0eebc99-9c0b-4ef8-bb6d-6bb9bd380a11,user,My team doesn't follow through on commitments.,,,,2025-06-18 17:34:10.829+00,,2025-06-18 17:34:09.747488+00,
47dd6c64-ded9-4f61-97d0-72e215f2e5a8,550e8400-e29b-41d4-a716-446655440001,a0eebc99-9c0b-4ef8-bb6d-6bb9bd380a11,assistant,I understand your concern about team engagement. Let's explore some strategies to improve meeting dynamics. What specific behaviors are you noticing?,,,,2025-06-18 17:33:33.285+00,,2025-06-18 17:33:33.403917+00,
4b9a84af-95f6-46bb-9a04-1d561144e3a9,63b951f3-9628-4476-88c2-6d9a0d15ecc6,a0eebc99-9c0b-4ef8-bb6d-6bb9bd380a11,assistant,"Creating psychological commitment to being present involves several strategic steps that can enhance focus and engagement in both personal and professional contexts. Here’s a comprehensive approach: First, establish a clear intention for your presence. This means defining why being present matters in a specific context, whether it’s a meeting, a conversation, or an important task. Communicating this intention to your team or stakeholders can foster a collective commitment. Discussing the benefits, such as improved collaboration or innovation, can help everyone understand the value of staying engaged. Second, cultivate an environment that minimizes distractions. This can include designating specific times for meetings where technology is limited, encouraging individuals to turn off notifications, and creating a physical space that promotes focus. When individuals feel that the environment supports their commitment to being present, they are more likely to engage fully. Finally, practice active listening and mindfulness techniques. Encourage practices such as summarizing what others have said, asking clarifying questions, and being fully engaged in conversations. Mindfulness exercises, like brief breathing techniques or grounding practices before meetings, can help participants center themselves and enhance their ability to focus. Power Move: During your next meeting, set a clear intention at the beginning to stay present, and suggest a brief mindfulness exercise to ground everyone.",,,,2025-06-18 18:13:13.572+00,,2025-06-18 18:13:13.572+00,"{""model"": ""gpt-4o-mini"", ""chunks"": [{""id"": ""chatcmpl-BjrZUzfvzkUwWvPGfYcOnw6DJ3I4A"", ""model"": ""gpt-4o-mini-2024-07-18"", ""object"": ""chat.completion.chunk"", ""choices"": [{""delta"": {""role"": ""assistant"", ""content"": """", ""refusal"": null}, ""index"": 0, ""logprobs"": null, ""finish_reason"": null}], ""created"": 1750270388, ""service_tier"": ""default"", ""system_fingerprint"": ""fp_34a54ae93c""}, {""id"": ""chatcmpl-BjrZUzfvzkUwWvPGfYcOnw6DJ3I4A"", ""model"": ""gpt-4o-mini-2024-07-18"", ""object"": ""chat.completion.chunk"", ""choices"": [{""delta"": {""content"": ""Creating""}, ""index"": 0, ""logprobs"": null, ""finish_reason"": null}], ""created"": 1750270388, ""service_tier"": ""default"", ""system_fingerprint"": ""fp_34a54ae93c""}, {""id"": ""chatcmpl-BjrZUzfvzkUwWvPGfYcOnw6DJ3I4A"", ""model"": ""gpt-4o-mini-2024-07-18"", ""object"": ""chat.completion.chunk"", ""choices"": [{""delta"": {""content"": "" psychological""}, ""index"": 0, ""logprobs"": null, ""finish_reason"": null}], ""created"": 1750270388, ""service_tier"": ""default"", ""system_fingerprint"": ""fp_34a54ae93c""}, {""id"": ""chatcmpl-BjrZUzfvzkUwWvPGfYcOnw6DJ3I4A"", ""model"": ""gpt-4o-mini-2024-07-18"", ""object"": ""chat.completion.chunk"", ""choices"": [{""delta"": {""content"": "" commitment""}, ""index"": 0, ""logprobs"": null, ""finish_reason"": null}], ""created"": 1750270388, ""service_tier"": ""default"", ""system_fingerprint"": ""fp_34a54ae93c""}, {""id"": ""chatcmpl-BjrZUzfvzkUwWvPGfYcOnw6DJ3I4A"", ""model"": ""gpt-4o-mini-2024-07-18"", ""object"": ""chat.completion.chunk"", ""choices"": [{""delta"": {""content"": "" to""}, ""index"": 0, ""logprobs"": null, ""finish_reason"": null}], ""created"": 1750270388, ""service_tier"": ""default"", ""system_fingerprint"": ""fp_34a54ae93c""}, {""id"": ""chatcmpl-BjrZUzfvzkUwWvPGfYcOnw6DJ3I4A"", ""model"": ""gpt-4o-mini-2024-07-18"", ""object"": ""chat.completion.chunk"", ""choices"": [{""delta"": {""content"": "" being""}, ""index"": 0, ""logprobs"": null, ""finish_reason"": null}], ""created"": 1750270388, ""service_tier"": ""default"", ""system_fingerprint"": ""fp_34a54ae93c""}, {""id"": ""chatcmpl-BjrZUzfvzkUwWvPGfYcOnw6DJ3I4A"", ""model"": ""gpt-4o-mini-2024-07-18"", ""object"": ""chat.completion.chunk"", ""choices"": [{""delta"": {""content"": "" present""}, ""index"": 0, ""logprobs"": null, ""finish_reason"": null}], ""created"": 1750270388, ""service_tier"": ""default"", ""system_fingerprint"": ""fp_34a54ae93c""}, {""id"": ""chatcmpl-BjrZUzfvzkUwWvPGfYcOnw6DJ3I4A"", ""model"": ""gpt-4o-mini-2024-07-18"", ""object"": ""chat.completion.chunk"", ""choices"": [{""delta"": {""content"": "" involves""}, ""index"": 0, ""logprobs"": null, ""finish_reason"": null}], ""created"": 1750270388, ""service_tier"": ""default"", ""system_fingerprint"": ""fp_34a54ae93c""}, {""id"": ""chatcmpl-BjrZUzfvzkUwWvPGfYcOnw6DJ3I4A"", ""model"": ""gpt-4o-mini-2024-07-18"", ""object"": ""chat.completion.chunk"", ""choices"": [{""delta"": {""content"": "" several""}, ""index"": 0, ""logprobs"": null, ""finish_reason"": null}], ""created"": 1750270388, ""service_tier"": ""default"", ""system_fingerprint"": ""fp_34a54ae93c""}, {""id"": ""chatcmpl-BjrZUzfvzkUwWvPGfYcOnw6DJ3I4A"", ""model"": ""gpt-4o-mini-2024-07-18"", ""object"": ""chat.completion.chunk"", ""choices"": [{""delta"": {""content"": "" strategic""}, ""index"": 0, ""logprobs"": null, ""finish_reason"": null}], ""created"": 1750270388, ""service_tier"": ""default"", ""system_fingerprint"": ""fp_34a54ae93c""}, {""id"": ""chatcmpl-BjrZUzfvzkUwWvPGfYcOnw6DJ3I4A"", ""model"": ""gpt-4o-mini-2024-07-18"", ""object"": ""chat.completion.chunk"", ""choices"": [{""delta"": {""content"": "" steps""}, ""index"": 0, ""logprobs"": null, ""finish_reason"": null}], ""created"": 1750270388, ""service_tier"": ""default"", ""system_fingerprint"": ""fp_34a54ae93c""}, {""id"": ""chatcmpl-BjrZUzfvzkUwWvPGfYcOnw6DJ3I4A"", ""model"": ""gpt-4o-mini-2024-07-18"", ""object"": ""chat.completion.chunk"", ""choices"": [{""delta"": {""content"": "" that""}, ""index"": 0, ""logprobs"": null, ""finish_reason"": null}], ""created"": 1750270388, ""service_tier"": ""default"", ""system_fingerprint"": ""fp_34a54ae93c""}, {""id"": ""chatcmpl-BjrZUzfvzkUwWvPGfYcOnw6DJ3I4A"", ""model"": ""gpt-4o-mini-2024-07-18"", ""object"": ""chat.completion.chunk"", ""choices"": [{""delta"": {""content"": "" can""}, ""index"": 0, ""logprobs"": null, ""finish_reason"": null}], ""created"": 1750270388, ""service_tier"": ""default"", ""system_fingerprint"": ""fp_34a54ae93c""}, {""id"": ""chatcmpl-BjrZUzfvzkUwWvPGfYcOnw6DJ3I4A"", ""model"": ""gpt-4o-mini-2024-07-18"", ""object"": ""chat.completion.chunk"", ""choices"": [{""delta"": {""content"": "" enhance""}, ""index"": 0, ""logprobs"": null, ""finish_reason"": null}], ""created"": 1750270388, ""service_tier"": ""default"", ""system_fingerprint"": ""fp_34a54ae93c""}, {""id"": ""chatcmpl-BjrZUzfvzkUwWvPGfYcOnw6DJ3I4A"", ""model"": ""gpt-4o-mini-2024-07-18"", ""object"": ""chat.completion.chunk"", ""choices"": [{""delta"": {""content"": "" focus""}, ""index"": 0, ""logprobs"": null, ""finish_reason"": null}], ""created"": 1750270388, ""service_tier"": ""default"", ""system_fingerprint"": ""fp_34a54ae93c""}, {""id"": ""chatcmpl-BjrZUzfvzkUwWvPGfYcOnw6DJ3I4A"", ""model"": ""gpt-4o-mini-2024-07-18"", ""object"": ""chat.completion.chunk"", ""choices"": [{""delta"": {""content"": "" and""}, ""index"": 0, ""logprobs"": null, ""finish_reason"": null}], ""created"": 1750270388, ""service_tier"": ""default"", ""system_fingerprint"": ""fp_34a54ae93c""}, {""id"": ""chatcmpl-BjrZUzfvzkUwWvPGfYcOnw6DJ3I4A"", ""model"": ""gpt-4o-mini-2024-07-18"", ""object"": ""chat.completion.chunk"", ""choices"": [{""delta"": {""content"": "" engagement""}, ""index"": 0, ""logprobs"": null, ""finish_reason"": null}], ""created"": 1750270388, ""service_tier"": ""default"", ""system_fingerprint"": ""fp_34a54ae93c""}, {""id"": ""chatcmpl-BjrZUzfvzkUwWvPGfYcOnw6DJ3I4A"", ""model"": ""gpt-4o-mini-2024-07-18"", ""object"": ""chat.completion.chunk"", ""choices"": [{""delta"": {""content"": "" in""}, ""index"": 0, ""logprobs"": null, ""finish_reason"": null}], ""created"": 1750270388, ""service_tier"": ""default"", ""system_fingerprint"": ""fp_34a54ae93c""}, {""id"": ""chatcmpl-BjrZUzfvzkUwWvPGfYcOnw6DJ3I4A"", ""model"": ""gpt-4o-mini-2024-07-18"", ""object"": ""chat.completion.chunk"", ""choices"": [{""delta"": {""content"": "" both""}, ""index"": 0, ""logprobs"": null, ""finish_reason"": null}], ""created"": 1750270388, ""service_tier"": ""default"", ""system_fingerprint"": ""fp_34a54ae93c""}, {""id"": ""chatcmpl-BjrZUzfvzkUwWvPGfYcOnw6DJ3I4A"", ""model"": ""gpt-4o-mini-2024-07-18"", ""object"": ""chat.completion.chunk"", ""choices"": [{""delta"": {""content"": "" personal""}, ""index"": 0, ""logprobs"": null, ""finish_reason"": null}], ""created"": 1750270388, ""service_tier"": ""default"", ""system_fingerprint"": ""fp_34a54ae93c""}, {""id"": ""chatcmpl-BjrZUzfvzkUwWvPGfYcOnw6DJ3I4A"", ""model"": ""gpt-4o-mini-2024-07-18"", ""object"": ""chat.completion.chunk"", ""choices"": [{""delta"": {""content"": "" and""}, ""index"": 0, ""logprobs"": null, ""finish_reason"": null}], ""created"": 1750270388, ""service_tier"": ""default"", ""system_fingerprint"": ""fp_34a54ae93c""}, {""id"": ""chatcmpl-BjrZUzfvzkUwWvPGfYcOnw6DJ3I4A"", ""model"": ""gpt-4o-mini-2024-07-18"", ""object"": ""chat.completion.chunk"", ""choices"": [{""delta"": {""content"": "" professional""}, ""index"": 0, ""logprobs"": null, ""finish_reason"": null}], ""created"": 1750270388, ""service_tier"": ""default"", ""system_fingerprint"": ""fp_34a54ae93c""}, {""id"": ""chatcmpl-BjrZUzfvzkUwWvPGfYcOnw6DJ3I4A"", ""model"": ""gpt-4o-mini-2024-07-18"", ""object"": ""chat.completion.chunk"", ""choices"": [{""delta"": {""content"": "" contexts""}, ""index"": 0, ""logprobs"": null, ""finish_reason"": null}], ""created"": 1750270388, ""service_tier"": ""default"", ""system_fingerprint"": ""fp_34a54ae93c""}, {""id"": ""chatcmpl-BjrZUzfvzkUwWvPGfYcOnw6DJ3I4A"", ""model"": ""gpt-4o-mini-2024-07-18"", ""object"": ""chat.completion.chunk"", ""choices"": [{""delta"": {""content"": "".""}, ""index"": 0, ""logprobs"": null, ""finish_reason"": null}], ""created"": 1750270388, ""service_tier"": ""default"", ""system_fingerprint"": ""fp_34a54ae93c""}, {""id"": ""chatcmpl-BjrZUzfvzkUwWvPGfYcOnw6DJ3I4A"", ""model"": ""gpt-4o-mini-2024-07-18"", ""object"": ""chat.completion.chunk"", ""choices"": [{""delta"": {""content"": "" Here""}, ""index"": 0, ""logprobs"": null, ""finish_reason"": null}], ""created"": 1750270388, ""service_tier"": ""default"", ""system_fingerprint"": ""fp_34a54ae93c""}, {""id"": ""chatcmpl-BjrZUzfvzkUwWvPGfYcOnw6DJ3I4A"", ""model"": ""gpt-4o-mini-2024-07-18"", ""object"": ""chat.completion.chunk"", ""choices"": [{""delta"": {""content"": ""’s""}, ""index"": 0, ""logprobs"": null, ""finish_reason"": null}], ""created"": 1750270388, ""service_tier"": ""default"", ""system_fingerprint"": ""fp_34a54ae93c""}, {""id"": ""chatcmpl-BjrZUzfvzkUwWvPGfYcOnw6DJ3I4A"", ""model"": ""gpt-4o-mini-2024-07-18"", ""object"": ""chat.completion.chunk"", ""choices"": [{""delta"": {""content"": "" a""}, ""index"": 0, ""logprobs"": null, ""finish_reason"": null}], ""created"": 1750270388, ""service_tier"": ""default"", ""system_fingerprint"": ""fp_34a54ae93c""}, {""id"": ""chatcmpl-BjrZUzfvzkUwWvPGfYcOnw6DJ3I4A"", ""model"": ""gpt-4o-mini-2024-07-18"", ""object"": ""chat.completion.chunk"", ""choices"": [{""delta"": {""content"": "" comprehensive""}, ""index"": 0, ""logprobs"": null, ""finish_reason"": null}], ""created"": 1750270388, ""service_tier"": ""default"", ""system_fingerprint"": ""fp_34a54ae93c""}, {""id"": ""chatcmpl-BjrZUzfvzkUwWvPGfYcOnw6DJ3I4A"", ""model"": ""gpt-4o-mini-2024-07-18"", ""object"": ""chat.completion.chunk"", ""choices"": [{""delta"": {""content"": "" approach""}, ""index"": 0, ""logprobs"": null, ""finish_reason"": null}], ""created"": 1750270388, ""service_tier"": ""default"", ""system_fingerprint"": ""fp_34a54ae93c""}, {""id"": ""chatcmpl-BjrZUzfvzkUwWvPGfYcOnw6DJ3I4A"", ""model"": ""gpt-4o-mini-2024-07-18"", ""object"": ""chat.completion.chunk"", ""choices"": [{""delta"": {""content"": "":\n\n""}, ""index"": 0, ""logprobs"": null, ""finish_reason"": null}], ""created"": 1750270388, ""service_tier"": ""default"", ""system_fingerprint"": ""fp_34a54ae93c""}, {""id"": ""chatcmpl-BjrZUzfvzkUwWvPGfYcOnw6DJ3I4A"", ""model"": ""gpt-4o-mini-2024-07-18"", ""object"": ""chat.completion.chunk"", ""choices"": [{""delta"": {""content"": ""First""}, ""index"": 0, ""logprobs"": null, ""finish_reason"": null}], ""created"": 1750270388, ""service_tier"": ""default"", ""system_fingerprint"": ""fp_34a54ae93c""}, {""id"": ""chatcmpl-BjrZUzfvzkUwWvPGfYcOnw6DJ3I4A"", ""model"": ""gpt-4o-mini-2024-07-18"", ""object"": ""chat.completion.chunk"", ""choices"": [{""delta"": {""content"": "",""}, ""index"": 0, ""logprobs"": null, ""finish_reason"": null}], ""created"": 1750270388, ""service_tier"": ""default"", ""system_fingerprint"": ""fp_34a54ae93c""}, {""id"": ""chatcmpl-BjrZUzfvzkUwWvPGfYcOnw6DJ3I4A"", ""model"": ""gpt-4o-mini-2024-07-18"", ""object"": ""chat.completion.chunk"", ""choices"": [{""delta"": {""content"": "" establish""}, ""index"": 0, ""logprobs"": null, ""finish_reason"": null}], ""created"": 1750270388, ""service_tier"": ..."
5ac388b6-d8f2-4a58-ae4c-2c178cc6c80e,550e8400-e29b-41d4-a716-446655440001,a0eebc99-9c0b-4ef8-bb6d-6bb9bd380a11,user,I need help with team communication. My team seems disengaged during meetings.,,,,2025-06-18 17:33:32.093+00,,2025-06-18 17:33:33.014292+00,
5e077d99-f706-487f-95f1-be62b19a02a7,12f9de74-b563-4865-a007-c54811f0bf3d,884e627b-8049-41cb-ad9c-c880aa188345,assistant,"Managing up is about effectively working with your superiors to achieve mutual goals and enhance workplace dynamics. Here are some practical strategies:

1. **Understand Their Goals**: Learn what your manager values most—be it deadlines, quality, or innovation. Align your work to support these priorities.

2. **Communicate Proactively**: Provide regular updates on your projects, challenges, and successes. This keeps your manager informed and reduces the need for them to chase you for information.

3. **Anticipate Needs**: Try to foresee questions or issues your manager might encounter. Prepare solutions or suggestions ahead of time to demonstrate initiative.

4. **Seek Feedback**: Regularly ask for constructive criticism on your work. This shows you’re committed to improvement and helps you adjust to their expectations.

5. **Build a Relationship**: Invest time in understanding your manager's communication style and preferences. Adapt your approach accordingly to foster a stronger working relationship.

6. **Be Solution-Oriented**: When you present problems, always offer potential solutions. This positions you as a proactive team member rather than someone who simply raises issues.

7. **Manage Expectations**: Clearly communicate your capacity and timelines. If you foresee challenges in meeting deadlines, discuss them early to reset expectations.

8. **Support Their Success**: Look for ways to help your manager succeed—this could be through taking on additional responsibilities, assisting with projects, or providing insights that aid decision-making.

9. **Stay Professional**: Maintain a positive demeanor, even in challenging situations. Professionalism builds trust and respect.

10. **Be Adaptable**: Be open to changing your approach based on feedback or shifts in your manager's priorities. Flexibility demonstrates your commitment to the team's success.

By applying these strategies, you can create a more productive relationship with your manager, ultimately enhancing your career advancement opportunities.",,,,2025-06-17 17:36:02.762+00,,2025-06-17 17:36:02.762+00,
5ecc1df7-d0d1-4ecb-a779-eaa94c98a7ae,63b951f3-9628-4476-88c2-6d9a0d15ecc6,a0eebc99-9c0b-4ef8-bb6d-6bb9bd380a11,assistant,"Creating an environment that minimizes distractions is essential for boosting productivity and maintaining focus, especially in a mid-management role where effective team leadership is crucial. Here are several strategies to consider: First, assess the physical workspace. Encourage an open layout that balances collaboration with quiet zones. Designate specific areas for focused work, equipped with soundproofing or noise-canceling options. This helps team members choose where to work based on their tasks, whether they need collaboration or concentration. Second, implement clear communication protocols. Set expectations around email and message responses, designating specific times for checking in. This helps create a culture where team members can focus without the constant interruption of notifications. Encourage the use of tools that allow status updates (like ""Do Not Disturb"" features) to signal when someone is unavailable for immediate communication. Lastly, foster a culture of mindfulness and respect for work time. Promote practices such as time-blocking, where employees schedule dedicated periods for focused work. You could also incorporate brief team check-ins to align priorities before diving into tasks. Regularly remind the team about the importance of minimizing interruptions and respecting each other’s focus time. **Power Move:** Start by having an open discussion with your team about the current distractions they face and collaboratively brainstorm solutions to enhance focus.",,,,2025-06-18 18:13:56.42+00,,2025-06-18 18:13:56.42+00,"{""model"": ""gpt-4o-mini"", ""chunks"": [{""id"": ""chatcmpl-BjraDOE3732WBZH8jpzrCgWZYC33N"", ""model"": ""gpt-4o-mini-2024-07-18"", ""object"": ""chat.completion.chunk"", ""choices"": [{""delta"": {""role"": ""assistant"", ""content"": """", ""refusal"": null}, ""index"": 0, ""logprobs"": null, ""finish_reason"": null}], ""created"": 1750270433, ""service_tier"": ""default"", ""system_fingerprint"": ""fp_34a54ae93c""}, {""id"": ""chatcmpl-BjraDOE3732WBZH8jpzrCgWZYC33N"", ""model"": ""gpt-4o-mini-2024-07-18"", ""object"": ""chat.completion.chunk"", ""choices"": [{""delta"": {""content"": ""Creating""}, ""index"": 0, ""logprobs"": null, ""finish_reason"": null}], ""created"": 1750270433, ""service_tier"": ""default"", ""system_fingerprint"": ""fp_34a54ae93c""}, {""id"": ""chatcmpl-BjraDOE3732WBZH8jpzrCgWZYC33N"", ""model"": ""gpt-4o-mini-2024-07-18"", ""object"": ""chat.completion.chunk"", ""choices"": [{""delta"": {""content"": "" an""}, ""index"": 0, ""logprobs"": null, ""finish_reason"": null}], ""created"": 1750270433, ""service_tier"": ""default"", ""system_fingerprint"": ""fp_34a54ae93c""}, {""id"": ""chatcmpl-BjraDOE3732WBZH8jpzrCgWZYC33N"", ""model"": ""gpt-4o-mini-2024-07-18"", ""object"": ""chat.completion.chunk"", ""choices"": [{""delta"": {""content"": "" environment""}, ""index"": 0, ""logprobs"": null, ""finish_reason"": null}], ""created"": 1750270433, ""service_tier"": ""default"", ""system_fingerprint"": ""fp_34a54ae93c""}, {""id"": ""chatcmpl-BjraDOE3732WBZH8jpzrCgWZYC33N"", ""model"": ""gpt-4o-mini-2024-07-18"", ""object"": ""chat.completion.chunk"", ""choices"": [{""delta"": {""content"": "" that""}, ""index"": 0, ""logprobs"": null, ""finish_reason"": null}], ""created"": 1750270433, ""service_tier"": ""default"", ""system_fingerprint"": ""fp_34a54ae93c""}, {""id"": ""chatcmpl-BjraDOE3732WBZH8jpzrCgWZYC33N"", ""model"": ""gpt-4o-mini-2024-07-18"", ""object"": ""chat.completion.chunk"", ""choices"": [{""delta"": {""content"": "" minimizes""}, ""index"": 0, ""logprobs"": null, ""finish_reason"": null}], ""created"": 1750270433, ""service_tier"": ""default"", ""system_fingerprint"": ""fp_34a54ae93c""}, {""id"": ""chatcmpl-BjraDOE3732WBZH8jpzrCgWZYC33N"", ""model"": ""gpt-4o-mini-2024-07-18"", ""object"": ""chat.completion.chunk"", ""choices"": [{""delta"": {""content"": "" distractions""}, ""index"": 0, ""logprobs"": null, ""finish_reason"": null}], ""created"": 1750270433, ""service_tier"": ""default"", ""system_fingerprint"": ""fp_34a54ae93c""}, {""id"": ""chatcmpl-BjraDOE3732WBZH8jpzrCgWZYC33N"", ""model"": ""gpt-4o-mini-2024-07-18"", ""object"": ""chat.completion.chunk"", ""choices"": [{""delta"": {""content"": "" is""}, ""index"": 0, ""logprobs"": null, ""finish_reason"": null}], ""created"": 1750270433, ""service_tier"": ""default"", ""system_fingerprint"": ""fp_34a54ae93c""}, {""id"": ""chatcmpl-BjraDOE3732WBZH8jpzrCgWZYC33N"", ""model"": ""gpt-4o-mini-2024-07-18"", ""object"": ""chat.completion.chunk"", ""choices"": [{""delta"": {""content"": "" essential""}, ""index"": 0, ""logprobs"": null, ""finish_reason"": null}], ""created"": 1750270433, ""service_tier"": ""default"", ""system_fingerprint"": ""fp_34a54ae93c""}, {""id"": ""chatcmpl-BjraDOE3732WBZH8jpzrCgWZYC33N"", ""model"": ""gpt-4o-mini-2024-07-18"", ""object"": ""chat.completion.chunk"", ""choices"": [{""delta"": {""content"": "" for""}, ""index"": 0, ""logprobs"": null, ""finish_reason"": null}], ""created"": 1750270433, ""service_tier"": ""default"", ""system_fingerprint"": ""fp_34a54ae93c""}, {""id"": ""chatcmpl-BjraDOE3732WBZH8jpzrCgWZYC33N"", ""model"": ""gpt-4o-mini-2024-07-18"", ""object"": ""chat.completion.chunk"", ""choices"": [{""delta"": {""content"": "" boosting""}, ""index"": 0, ""logprobs"": null, ""finish_reason"": null}], ""created"": 1750270433, ""service_tier"": ""default"", ""system_fingerprint"": ""fp_34a54ae93c""}, {""id"": ""chatcmpl-BjraDOE3732WBZH8jpzrCgWZYC33N"", ""model"": ""gpt-4o-mini-2024-07-18"", ""object"": ""chat.completion.chunk"", ""choices"": [{""delta"": {""content"": "" productivity""}, ""index"": 0, ""logprobs"": null, ""finish_reason"": null}], ""created"": 1750270433, ""service_tier"": ""default"", ""system_fingerprint"": ""fp_34a54ae93c""}, {""id"": ""chatcmpl-BjraDOE3732WBZH8jpzrCgWZYC33N"", ""model"": ""gpt-4o-mini-2024-07-18"", ""object"": ""chat.completion.chunk"", ""choices"": [{""delta"": {""content"": "" and""}, ""index"": 0, ""logprobs"": null, ""finish_reason"": null}], ""created"": 1750270433, ""service_tier"": ""default"", ""system_fingerprint"": ""fp_34a54ae93c""}, {""id"": ""chatcmpl-BjraDOE3732WBZH8jpzrCgWZYC33N"", ""model"": ""gpt-4o-mini-2024-07-18"", ""object"": ""chat.completion.chunk"", ""choices"": [{""delta"": {""content"": "" maintaining""}, ""index"": 0, ""logprobs"": null, ""finish_reason"": null}], ""created"": 1750270433, ""service_tier"": ""default"", ""system_fingerprint"": ""fp_34a54ae93c""}, {""id"": ""chatcmpl-BjraDOE3732WBZH8jpzrCgWZYC33N"", ""model"": ""gpt-4o-mini-2024-07-18"", ""object"": ""chat.completion.chunk"", ""choices"": [{""delta"": {""content"": "" focus""}, ""index"": 0, ""logprobs"": null, ""finish_reason"": null}], ""created"": 1750270433, ""service_tier"": ""default"", ""system_fingerprint"": ""fp_34a54ae93c""}, {""id"": ""chatcmpl-BjraDOE3732WBZH8jpzrCgWZYC33N"", ""model"": ""gpt-4o-mini-2024-07-18"", ""object"": ""chat.completion.chunk"", ""choices"": [{""delta"": {""content"": "",""}, ""index"": 0, ""logprobs"": null, ""finish_reason"": null}], ""created"": 1750270433, ""service_tier"": ""default"", ""system_fingerprint"": ""fp_34a54ae93c""}, {""id"": ""chatcmpl-BjraDOE3732WBZH8jpzrCgWZYC33N"", ""model"": ""gpt-4o-mini-2024-07-18"", ""object"": ""chat.completion.chunk"", ""choices"": [{""delta"": {""content"": "" especially""}, ""index"": 0, ""logprobs"": null, ""finish_reason"": null}], ""created"": 1750270433, ""service_tier"": ""default"", ""system_fingerprint"": ""fp_34a54ae93c""}, {""id"": ""chatcmpl-BjraDOE3732WBZH8jpzrCgWZYC33N"", ""model"": ""gpt-4o-mini-2024-07-18"", ""object"": ""chat.completion.chunk"", ""choices"": [{""delta"": {""content"": "" in""}, ""index"": 0, ""logprobs"": null, ""finish_reason"": null}], ""created"": 1750270433, ""service_tier"": ""default"", ""system_fingerprint"": ""fp_34a54ae93c""}, {""id"": ""chatcmpl-BjraDOE3732WBZH8jpzrCgWZYC33N"", ""model"": ""gpt-4o-mini-2024-07-18"", ""object"": ""chat.completion.chunk"", ""choices"": [{""delta"": {""content"": "" a""}, ""index"": 0, ""logprobs"": null, ""finish_reason"": null}], ""created"": 1750270433, ""service_tier"": ""default"", ""system_fingerprint"": ""fp_34a54ae93c""}, {""id"": ""chatcmpl-BjraDOE3732WBZH8jpzrCgWZYC33N"", ""model"": ""gpt-4o-mini-2024-07-18"", ""object"": ""chat.completion.chunk"", ""choices"": [{""delta"": {""content"": "" mid""}, ""index"": 0, ""logprobs"": null, ""finish_reason"": null}], ""created"": 1750270433, ""service_tier"": ""default"", ""system_fingerprint"": ""fp_34a54ae93c""}, {""id"": ""chatcmpl-BjraDOE3732WBZH8jpzrCgWZYC33N"", ""model"": ""gpt-4o-mini-2024-07-18"", ""object"": ""chat.completion.chunk"", ""choices"": [{""delta"": {""content"": ""-management""}, ""index"": 0, ""logprobs"": null, ""finish_reason"": null}], ""created"": 1750270433, ""service_tier"": ""default"", ""system_fingerprint"": ""fp_34a54ae93c""}, {""id"": ""chatcmpl-BjraDOE3732WBZH8jpzrCgWZYC33N"", ""model"": ""gpt-4o-mini-2024-07-18"", ""object"": ""chat.completion.chunk"", ""choices"": [{""delta"": {""content"": "" role""}, ""index"": 0, ""logprobs"": null, ""finish_reason"": null}], ""created"": 1750270433, ""service_tier"": ""default"", ""system_fingerprint"": ""fp_34a54ae93c""}, {""id"": ""chatcmpl-BjraDOE3732WBZH8jpzrCgWZYC33N"", ""model"": ""gpt-4o-mini-2024-07-18"", ""object"": ""chat.completion.chunk"", ""choices"": [{""delta"": {""content"": "" where""}, ""index"": 0, ""logprobs"": null, ""finish_reason"": null}], ""created"": 1750270433, ""service_tier"": ""default"", ""system_fingerprint"": ""fp_34a54ae93c""}, {""id"": ""chatcmpl-BjraDOE3732WBZH8jpzrCgWZYC33N"", ""model"": ""gpt-4o-mini-2024-07-18"", ""object"": ""chat.completion.chunk"", ""choices"": [{""delta"": {""content"": "" effective""}, ""index"": 0, ""logprobs"": null, ""finish_reason"": null}], ""created"": 1750270433, ""service_tier"": ""default"", ""system_fingerprint"": ""fp_34a54ae93c""}, {""id"": ""chatcmpl-BjraDOE3732WBZH8jpzrCgWZYC33N"", ""model"": ""gpt-4o-mini-2024-07-18"", ""object"": ""chat.completion.chunk"", ""choices"": [{""delta"": {""content"": "" team""}, ""index"": 0, ""logprobs"": null, ""finish_reason"": null}], ""created"": 1750270433, ""service_tier"": ""default"", ""system_fingerprint"": ""fp_34a54ae93c""}, {""id"": ""chatcmpl-BjraDOE3732WBZH8jpzrCgWZYC33N"", ""model"": ""gpt-4o-mini-2024-07-18"", ""object"": ""chat.completion.chunk"", ""choices"": [{""delta"": {""content"": "" leadership""}, ""index"": 0, ""logprobs"": null, ""finish_reason"": null}], ""created"": 1750270433, ""service_tier"": ""default"", ""system_fingerprint"": ""fp_34a54ae93c""}, {""id"": ""chatcmpl-BjraDOE3732WBZH8jpzrCgWZYC33N"", ""model"": ""gpt-4o-mini-2024-07-18"", ""object"": ""chat.completion.chunk"", ""choices"": [{""delta"": {""content"": "" is""}, ""index"": 0, ""logprobs"": null, ""finish_reason"": null}], ""created"": 1750270433, ""service_tier"": ""default"", ""system_fingerprint"": ""fp_34a54ae93c""}, {""id"": ""chatcmpl-BjraDOE3732WBZH8jpzrCgWZYC33N"", ""model"": ""gpt-4o-mini-2024-07-18"", ""object"": ""chat.completion.chunk"", ""choices"": [{""delta"": {""content"": "" crucial""}, ""index"": 0, ""logprobs"": null, ""finish_reason"": null}], ""created"": 1750270433, ""service_tier"": ""default"", ""system_fingerprint"": ""fp_34a54ae93c""}, {""id"": ""chatcmpl-BjraDOE3732WBZH8jpzrCgWZYC33N"", ""model"": ""gpt-4o-mini-2024-07-18"", ""object"": ""chat.completion.chunk"", ""choices"": [{""delta"": {""content"": "".""}, ""index"": 0, ""logprobs"": null, ""finish_reason"": null}], ""created"": 1750270433, ""service_tier"": ""default"", ""system_fingerprint"": ""fp_34a54ae93c""}, {""id"": ""chatcmpl-BjraDOE3732WBZH8jpzrCgWZYC33N"", ""model"": ""gpt-4o-mini-2024-07-18"", ""object"": ""chat.completion.chunk"", ""choices"": [{""delta"": {""content"": "" Here""}, ""index"": 0, ""logprobs"": null, ""finish_reason"": null}], ""created"": 1750270433, ""service_tier"": ""default"", ""system_fingerprint"": ""fp_34a54ae93c""}, {""id"": ""chatcmpl-BjraDOE3732WBZH8jpzrCgWZYC33N"", ""model"": ""gpt-4o-mini-2024-07-18"", ""object"": ""chat.completion.chunk"", ""choices"": [{""delta"": {""content"": "" are""}, ""index"": 0, ""logprobs"": null, ""finish_reason"": null}], ""created"": 1750270433, ""service_tier"": ""default"", ""system_fingerprint"": ""fp_34a54ae93c""}, {""id"": ""chatcmpl-BjraDOE3732WBZH8jpzrCgWZYC33N"", ""model"": ""gpt-4o-mini-2024-07-18"", ""object"": ""chat.completion.chunk"", ""choices"": [{""delta"": {""content"": "" several""}, ""index"": 0, ""logprobs"": null, ""finish_reason"": null}], ""created"": 1750270433, ""service_tier"": ""default"", ""system_fingerprint"": ""fp_34a54ae93c""}, {""id"": ""chatcmpl-BjraDOE3732WBZH8jpzrCgWZYC33N"", ""model"": ""gpt-4o-mini-2024-07-18"", ""object"": ""chat.completion.chunk"", ""choices"": [{""delta"": {""content"": "" strategies""}, ""index"": 0, ""logprobs"": null, ""finish_reason"": null}], ""created"": 1750270433, ""service_tier..."
61c26354-c47f-4764-95e6-1f3c5f8432ca,550e8400-e29b-41d4-a716-446655440004,a0eebc99-9c0b-4ef8-bb6d-6bb9bd380a11,user,I need help with team leadership strategies.,,,,2025-06-18 17:58:03.517+00,,2025-06-18 17:58:04.436089+00,
646c6ed2-d292-422f-9fa9-148edce6c4bf,363c42f5-d08c-400c-9b4c-9def6a32f222,a0eebc99-9c0b-4ef8-bb6d-6bb9bd380a11,user,What does Amy Gallo say about diagnosing before prescribing advice?,,,,2025-06-18 11:12:51.726+00,,2025-06-18 11:12:51.726+00,
70ccd6da-5d13-407a-9939-4bcfcc34e15f,63b951f3-9628-4476-88c2-6d9a0d15ecc6,884e627b-8049-41cb-ad9c-c880aa188345,user,How do I handle difficult conversations?,,,,2025-06-18 10:30:20.256+00,,2025-06-18 10:30:20.256+00,
715e8ab7-0111-436e-ba3e-9af424e9ce7a,550e8400-e29b-41d4-a716-446655440099,a0eebc99-9c0b-4ef8-bb6d-6bb9bd380a11,assistant,Test response with raw data,,,,2025-06-18 18:09:39.903+00,,2025-06-18 18:09:40.828967+00,"{""model"": ""gpt-4o-mini"", ""chunks"": [{""choices"": [{""delta"": {""content"": ""This is a test""}}]}, {""choices"": [{""delta"": {""content"": "" response""}}]}], ""fullText"": ""This is a test response"", ""timestamp"": ""2025-06-18T18:09:39.716Z"", ""processedText"": ""This is a test response""}"
750ed253-c0e1-448d-832d-521c38affac0,12f9de74-b563-4865-a007-c54811f0bf3d,884e627b-8049-41cb-ad9c-c880aa188345,user,What are effective strategies for managing up?,,,,2025-06-17 17:36:04.668+00,,2025-06-17 17:36:04.668+00,
79fff194-346b-4f0c-bcea-3fc89894e068,af5653e0-ab89-47d7-b464-2ece5433238e,a0eebc99-9c0b-4ef8-bb6d-6bb9bd380a11,assistant,"Offering value in a corporate environment is essential for building influence and enhancing your professional relationships. Here are a few strategic approaches tailored to your mid-management position: 1. **Understand Stakeholder Needs**: Begin by identifying the key stakeholders in your projects and understanding their specific needs and challenges. This could involve informal discussions or formal surveys. By aligning your contributions to address these needs, you position yourself as a valuable partner rather than just a task executor. 2. **Share Knowledge and Resources**: Leverage your expertise and insights to help others in your organization. This could be through mentorship, hosting workshops, or sharing relevant articles and resources. By fostering a culture of knowledge sharing, you not only enhance your own visibility but also build a network of allies who see you as a go-to person for support. 3. **Innovate and Add Efficiency**: Look for ways to improve processes and introduce innovative solutions that save time or resources. Presenting a well-thought-out proposal for improvement can demonstrate your initiative and strategic thinking. This not only showcases your ability to add value but also strengthens your position as a leader within your team. 4. **Build Relationships**: Actively invest time in building relationships across departments. This could involve scheduling regular catch-ups with colleagues from different teams or participating in cross-functional projects. Strong relationships can lead to collaborative opportunities and enhance your influence within the organization. 5. **Solicit Feedback and Adapt**: Regularly seek feedback on your contributions from peers and supervisors. This will not only show that you value their opinions but also help you refine your approach to offering value. Adaptability is crucial in maintaining relevance and ensuring that your contributions continue to meet the evolving needs of your organization. By focusing on these areas, you can effectively enhance your influence and position yourself as a key contributor in your organization. Power Move: Schedule one-on-one meetings with key stakeholders this week to discuss their current challenges and how you can assist.",,,,2025-06-18 11:40:32.389+00,,2025-06-18 11:40:32.389+00,
80b9a4bb-9152-486e-87df-edf93d70d015,550e8400-e29b-41d4-a716-446655440002,a0eebc99-9c0b-4ef8-bb6d-6bb9bd380a11,user,I need help with leadership challenges.,,,,2025-06-18 17:34:08.463+00,,2025-06-18 17:34:09.371833+00,
82ca1fc1-837b-4ea1-839b-9f1707753404,af5653e0-ab89-47d7-b464-2ece5433238e,a0eebc99-9c0b-4ef8-bb6d-6bb9bd380a11,user,What's the best approach for dealing with networking?,,,,2025-06-18 11:38:35.281+00,,2025-06-18 11:38:35.281+00,
8378bfde-c44f-4064-9581-93ebf7cdc13d,63b951f3-9628-4476-88c2-6d9a0d15ecc6,a0eebc99-9c0b-4ef8-bb6d-6bb9bd380a11,assistant,"It seems like I need more information to provide a meaningful response. Could you clarify what specific topic or situation you would like me to assist you with? Whether it's about team leadership, strategic planning, or another area, I'm here to help!",,,,2025-06-18 18:11:48.769+00,,2025-06-18 18:11:48.769+00,"{""model"": ""gpt-4o-mini"", ""chunks"": [{""id"": ""chatcmpl-BjrYCZeVymsItlq0H95r5fSpg9b3e"", ""model"": ""gpt-4o-mini-2024-07-18"", ""object"": ""chat.completion.chunk"", ""choices"": [{""delta"": {""role"": ""assistant"", ""content"": """", ""refusal"": null}, ""index"": 0, ""logprobs"": null, ""finish_reason"": null}], ""created"": 1750270308, ""service_tier"": ""default"", ""system_fingerprint"": ""fp_34a54ae93c""}, {""id"": ""chatcmpl-BjrYCZeVymsItlq0H95r5fSpg9b3e"", ""model"": ""gpt-4o-mini-2024-07-18"", ""object"": ""chat.completion.chunk"", ""choices"": [{""delta"": {""content"": ""It""}, ""index"": 0, ""logprobs"": null, ""finish_reason"": null}], ""created"": 1750270308, ""service_tier"": ""default"", ""system_fingerprint"": ""fp_34a54ae93c""}, {""id"": ""chatcmpl-BjrYCZeVymsItlq0H95r5fSpg9b3e"", ""model"": ""gpt-4o-mini-2024-07-18"", ""object"": ""chat.completion.chunk"", ""choices"": [{""delta"": {""content"": "" seems""}, ""index"": 0, ""logprobs"": null, ""finish_reason"": null}], ""created"": 1750270308, ""service_tier"": ""default"", ""system_fingerprint"": ""fp_34a54ae93c""}, {""id"": ""chatcmpl-BjrYCZeVymsItlq0H95r5fSpg9b3e"", ""model"": ""gpt-4o-mini-2024-07-18"", ""object"": ""chat.completion.chunk"", ""choices"": [{""delta"": {""content"": "" like""}, ""index"": 0, ""logprobs"": null, ""finish_reason"": null}], ""created"": 1750270308, ""service_tier"": ""default"", ""system_fingerprint"": ""fp_34a54ae93c""}, {""id"": ""chatcmpl-BjrYCZeVymsItlq0H95r5fSpg9b3e"", ""model"": ""gpt-4o-mini-2024-07-18"", ""object"": ""chat.completion.chunk"", ""choices"": [{""delta"": {""content"": "" I""}, ""index"": 0, ""logprobs"": null, ""finish_reason"": null}], ""created"": 1750270308, ""service_tier"": ""default"", ""system_fingerprint"": ""fp_34a54ae93c""}, {""id"": ""chatcmpl-BjrYCZeVymsItlq0H95r5fSpg9b3e"", ""model"": ""gpt-4o-mini-2024-07-18"", ""object"": ""chat.completion.chunk"", ""choices"": [{""delta"": {""content"": "" need""}, ""index"": 0, ""logprobs"": null, ""finish_reason"": null}], ""created"": 1750270308, ""service_tier"": ""default"", ""system_fingerprint"": ""fp_34a54ae93c""}, {""id"": ""chatcmpl-BjrYCZeVymsItlq0H95r5fSpg9b3e"", ""model"": ""gpt-4o-mini-2024-07-18"", ""object"": ""chat.completion.chunk"", ""choices"": [{""delta"": {""content"": "" more""}, ""index"": 0, ""logprobs"": null, ""finish_reason"": null}], ""created"": 1750270308, ""service_tier"": ""default"", ""system_fingerprint"": ""fp_34a54ae93c""}, {""id"": ""chatcmpl-BjrYCZeVymsItlq0H95r5fSpg9b3e"", ""model"": ""gpt-4o-mini-2024-07-18"", ""object"": ""chat.completion.chunk"", ""choices"": [{""delta"": {""content"": "" information""}, ""index"": 0, ""logprobs"": null, ""finish_reason"": null}], ""created"": 1750270308, ""service_tier"": ""default"", ""system_fingerprint"": ""fp_34a54ae93c""}, {""id"": ""chatcmpl-BjrYCZeVymsItlq0H95r5fSpg9b3e"", ""model"": ""gpt-4o-mini-2024-07-18"", ""object"": ""chat.completion.chunk"", ""choices"": [{""delta"": {""content"": "" to""}, ""index"": 0, ""logprobs"": null, ""finish_reason"": null}], ""created"": 1750270308, ""service_tier"": ""default"", ""system_fingerprint"": ""fp_34a54ae93c""}, {""id"": ""chatcmpl-BjrYCZeVymsItlq0H95r5fSpg9b3e"", ""model"": ""gpt-4o-mini-2024-07-18"", ""object"": ""chat.completion.chunk"", ""choices"": [{""delta"": {""content"": "" provide""}, ""index"": 0, ""logprobs"": null, ""finish_reason"": null}], ""created"": 1750270308, ""service_tier"": ""default"", ""system_fingerprint"": ""fp_34a54ae93c""}, {""id"": ""chatcmpl-BjrYCZeVymsItlq0H95r5fSpg9b3e"", ""model"": ""gpt-4o-mini-2024-07-18"", ""object"": ""chat.completion.chunk"", ""choices"": [{""delta"": {""content"": "" a""}, ""index"": 0, ""logprobs"": null, ""finish_reason"": null}], ""created"": 1750270308, ""service_tier"": ""default"", ""system_fingerprint"": ""fp_34a54ae93c""}, {""id"": ""chatcmpl-BjrYCZeVymsItlq0H95r5fSpg9b3e"", ""model"": ""gpt-4o-mini-2024-07-18"", ""object"": ""chat.completion.chunk"", ""choices"": [{""delta"": {""content"": "" meaningful""}, ""index"": 0, ""logprobs"": null, ""finish_reason"": null}], ""created"": 1750270308, ""service_tier"": ""default"", ""system_fingerprint"": ""fp_34a54ae93c""}, {""id"": ""chatcmpl-BjrYCZeVymsItlq0H95r5fSpg9b3e"", ""model"": ""gpt-4o-mini-2024-07-18"", ""object"": ""chat.completion.chunk"", ""choices"": [{""delta"": {""content"": "" response""}, ""index"": 0, ""logprobs"": null, ""finish_reason"": null}], ""created"": 1750270308, ""service_tier"": ""default"", ""system_fingerprint"": ""fp_34a54ae93c""}, {""id"": ""chatcmpl-BjrYCZeVymsItlq0H95r5fSpg9b3e"", ""model"": ""gpt-4o-mini-2024-07-18"", ""object"": ""chat.completion.chunk"", ""choices"": [{""delta"": {""content"": "".""}, ""index"": 0, ""logprobs"": null, ""finish_reason"": null}], ""created"": 1750270308, ""service_tier"": ""default"", ""system_fingerprint"": ""fp_34a54ae93c""}, {""id"": ""chatcmpl-BjrYCZeVymsItlq0H95r5fSpg9b3e"", ""model"": ""gpt-4o-mini-2024-07-18"", ""object"": ""chat.completion.chunk"", ""choices"": [{""delta"": {""content"": "" Could""}, ""index"": 0, ""logprobs"": null, ""finish_reason"": null}], ""created"": 1750270308, ""service_tier"": ""default"", ""system_fingerprint"": ""fp_34a54ae93c""}, {""id"": ""chatcmpl-BjrYCZeVymsItlq0H95r5fSpg9b3e"", ""model"": ""gpt-4o-mini-2024-07-18"", ""object"": ""chat.completion.chunk"", ""choices"": [{""delta"": {""content"": "" you""}, ""index"": 0, ""logprobs"": null, ""finish_reason"": null}], ""created"": 1750270308, ""service_tier"": ""default"", ""system_fingerprint"": ""fp_34a54ae93c""}, {""id"": ""chatcmpl-BjrYCZeVymsItlq0H95r5fSpg9b3e"", ""model"": ""gpt-4o-mini-2024-07-18"", ""object"": ""chat.completion.chunk"", ""choices"": [{""delta"": {""content"": "" clarify""}, ""index"": 0, ""logprobs"": null, ""finish_reason"": null}], ""created"": 1750270308, ""service_tier"": ""default"", ""system_fingerprint"": ""fp_34a54ae93c""}, {""id"": ""chatcmpl-BjrYCZeVymsItlq0H95r5fSpg9b3e"", ""model"": ""gpt-4o-mini-2024-07-18"", ""object"": ""chat.completion.chunk"", ""choices"": [{""delta"": {""content"": "" what""}, ""index"": 0, ""logprobs"": null, ""finish_reason"": null}], ""created"": 1750270308, ""service_tier"": ""default"", ""system_fingerprint"": ""fp_34a54ae93c""}, {""id"": ""chatcmpl-BjrYCZeVymsItlq0H95r5fSpg9b3e"", ""model"": ""gpt-4o-mini-2024-07-18"", ""object"": ""chat.completion.chunk"", ""choices"": [{""delta"": {""content"": "" specific""}, ""index"": 0, ""logprobs"": null, ""finish_reason"": null}], ""created"": 1750270308, ""service_tier"": ""default"", ""system_fingerprint"": ""fp_34a54ae93c""}, {""id"": ""chatcmpl-BjrYCZeVymsItlq0H95r5fSpg9b3e"", ""model"": ""gpt-4o-mini-2024-07-18"", ""object"": ""chat.completion.chunk"", ""choices"": [{""delta"": {""content"": "" topic""}, ""index"": 0, ""logprobs"": null, ""finish_reason"": null}], ""created"": 1750270308, ""service_tier"": ""default"", ""system_fingerprint"": ""fp_34a54ae93c""}, {""id"": ""chatcmpl-BjrYCZeVymsItlq0H95r5fSpg9b3e"", ""model"": ""gpt-4o-mini-2024-07-18"", ""object"": ""chat.completion.chunk"", ""choices"": [{""delta"": {""content"": "" or""}, ""index"": 0, ""logprobs"": null, ""finish_reason"": null}], ""created"": 1750270308, ""service_tier"": ""default"", ""system_fingerprint"": ""fp_34a54ae93c""}, {""id"": ""chatcmpl-BjrYCZeVymsItlq0H95r5fSpg9b3e"", ""model"": ""gpt-4o-mini-2024-07-18"", ""object"": ""chat.completion.chunk"", ""choices"": [{""delta"": {""content"": "" situation""}, ""index"": 0, ""logprobs"": null, ""finish_reason"": null}], ""created"": 1750270308, ""service_tier"": ""default"", ""system_fingerprint"": ""fp_34a54ae93c""}, {""id"": ""chatcmpl-BjrYCZeVymsItlq0H95r5fSpg9b3e"", ""model"": ""gpt-4o-mini-2024-07-18"", ""object"": ""chat.completion.chunk"", ""choices"": [{""delta"": {""content"": "" you""}, ""index"": 0, ""logprobs"": null, ""finish_reason"": null}], ""created"": 1750270308, ""service_tier"": ""default"", ""system_fingerprint"": ""fp_34a54ae93c""}, {""id"": ""chatcmpl-BjrYCZeVymsItlq0H95r5fSpg9b3e"", ""model"": ""gpt-4o-mini-2024-07-18"", ""object"": ""chat.completion.chunk"", ""choices"": [{""delta"": {""content"": "" would""}, ""index"": 0, ""logprobs"": null, ""finish_reason"": null}], ""created"": 1750270308, ""service_tier"": ""default"", ""system_fingerprint"": ""fp_34a54ae93c""}, {""id"": ""chatcmpl-BjrYCZeVymsItlq0H95r5fSpg9b3e"", ""model"": ""gpt-4o-mini-2024-07-18"", ""object"": ""chat.completion.chunk"", ""choices"": [{""delta"": {""content"": "" like""}, ""index"": 0, ""logprobs"": null, ""finish_reason"": null}], ""created"": 1750270308, ""service_tier"": ""default"", ""system_fingerprint"": ""fp_34a54ae93c""}, {""id"": ""chatcmpl-BjrYCZeVymsItlq0H95r5fSpg9b3e"", ""model"": ""gpt-4o-mini-2024-07-18"", ""object"": ""chat.completion.chunk"", ""choices"": [{""delta"": {""content"": "" me""}, ""index"": 0, ""logprobs"": null, ""finish_reason"": null}], ""created"": 1750270308, ""service_tier"": ""default"", ""system_fingerprint"": ""fp_34a54ae93c""}, {""id"": ""chatcmpl-BjrYCZeVymsItlq0H95r5fSpg9b3e"", ""model"": ""gpt-4o-mini-2024-07-18"", ""object"": ""chat.completion.chunk"", ""choices"": [{""delta"": {""content"": "" to""}, ""index"": 0, ""logprobs"": null, ""finish_reason"": null}], ""created"": 1750270308, ""service_tier"": ""default"", ""system_fingerprint"": ""fp_34a54ae93c""}, {""id"": ""chatcmpl-BjrYCZeVymsItlq0H95r5fSpg9b3e"", ""model"": ""gpt-4o-mini-2024-07-18"", ""object"": ""chat.completion.chunk"", ""choices"": [{""delta"": {""content"": "" assist""}, ""index"": 0, ""logprobs"": null, ""finish_reason"": null}], ""created"": 1750270308, ""service_tier"": ""default"", ""system_fingerprint"": ""fp_34a54ae93c""}, {""id"": ""chatcmpl-BjrYCZeVymsItlq0H95r5fSpg9b3e"", ""model"": ""gpt-4o-mini-2024-07-18"", ""object"": ""chat.completion.chunk"", ""choices"": [{""delta"": {""content"": "" you""}, ""index"": 0, ""logprobs"": null, ""finish_reason"": null}], ""created"": 1750270308, ""service_tier"": ""default"", ""system_fingerprint"": ""fp_34a54ae93c""}, {""id"": ""chatcmpl-BjrYCZeVymsItlq0H95r5fSpg9b3e"", ""model"": ""gpt-4o-mini-2024-07-18"", ""object"": ""chat.completion.chunk"", ""choices"": [{""delta"": {""content"": "" with""}, ""index"": 0, ""logprobs"": null, ""finish_reason"": null}], ""created"": 1750270308, ""service_tier"": ""default"", ""system_fingerprint"": ""fp_34a54ae93c""}, {""id"": ""chatcmpl-BjrYCZeVymsItlq0H95r5fSpg9b3e"", ""model"": ""gpt-4o-mini-2024-07-18"", ""object"": ""chat.completion.chunk"", ""choices"": [{""delta"": {""content"": ""?""}, ""index"": 0, ""logprobs"": null, ""finish_reason"": null}], ""created"": 1750270308, ""service_tier"": ""default"", ""system_fingerprint"": ""fp_34a54ae93c""}, {""id"": ""chatcmpl-BjrYCZeVymsItlq0H95r5fSpg9b3e"", ""model"": ""gpt-4o-mini-2024-07-18"", ""object"": ""chat.completion.chunk"", ""choices"": [{""delta"": {""content"": "" Whether""}, ""index"": 0, ""logprobs"": null, ""finish_reason"": null}], ""created"": 1750270308, ""service_tier"": ""default"", ""system_fingerprint"": ""fp_34a54ae93c""}, {""id"": ""chatcmpl-BjrYCZeVymsItlq0H95r5fSpg9b3e"", ""model"": ""gpt-4o-mini-2024-07-18"", ""object"": ""chat.completion.chunk"", ""choices"": [{""delta"": {""content"": "" it's""}, ""index"": 0, ""logprobs"": null, ""finish_reason"": null}], ""created"": 1750270308, ""service_tier"": ""default"", ""system_fingerprint"": ""fp_34a54ae9..."
92cc0d01-c806-4b29-b31e-d9e85f275dc5,550e8400-e29b-41d4-a716-446655440099,a0eebc99-9c0b-4ef8-bb6d-6bb9bd380a11,user,Test message without raw response,,,,2025-06-18 18:09:39.538+00,,2025-06-18 18:09:40.457421+00,
92fd7d48-65b9-408c-b8de-401b7eaaa5e3,63b951f3-9628-4476-88c2-6d9a0d15ecc6,a0eebc99-9c0b-4ef8-bb6d-6bb9bd380a11,user,OK do it.,,,,2025-06-18 18:11:42.885+00,,2025-06-18 18:11:42.885+00,
93db65c0-3a31-4cb1-9768-5c494d1627ea,363c42f5-d08c-400c-9b4c-9def6a32f222,a0eebc99-9c0b-4ef8-bb6d-6bb9bd380a11,user,what does she exaclty say?,,,,2025-06-18 11:15:16.184+00,,2025-06-18 11:15:16.184+00,
94becf91-5e31-4a40-bd96-aa39fc7e75c6,550e8400-e29b-41d4-a716-446655440003,a0eebc99-9c0b-4ef8-bb6d-6bb9bd380a11,user,I need help improving my presentation skills for executive meetings.,,,,2025-06-18 17:57:06.851+00,,2025-06-18 17:57:07.90558+00,
99076dfa-14d1-43b3-8deb-94ca9959ebf3,550e8400-e29b-41d4-a716-446655440001,a0eebc99-9c0b-4ef8-bb6d-6bb9bd380a11,assistant,Great question! The phone parking lot involves designating a physical spot or box where everyone places their phones at the start of the meeting. This creates psychological commitment to being present. You can make it engaging by having a small reward for participation or making it a team norm rather than a rule.,,,,2025-06-18 17:33:38.289+00,,2025-06-18 17:33:34.213408+00,
a7caabbf-4d8e-4af5-a6d2-e0f697f02dfb,363c42f5-d08c-400c-9b4c-9def6a32f222,a0eebc99-9c0b-4ef8-bb6d-6bb9bd380a11,assistant,"Could you clarify who ""she"" is and the context of the conversation? This will help me provide a more accurate and relevant response tailored to your situation.  

Power Move: Share specific details about the conversation for better insight.",,,,2025-06-18 11:15:21.54+00,,2025-06-18 11:15:21.54+00,
a99ff8eb-4e9d-45b1-b911-b8464489f0b2,550e8400-e29b-41d4-a716-446655440001,a0eebc99-9c0b-4ef8-bb6d-6bb9bd380a11,user,"People are often on their phones, some don't speak up, and when they do contribute, it feels forced.",,,,2025-06-18 17:33:34.67+00,,2025-06-18 17:33:33.601198+00,
ab195e64-407e-430d-844a-c15397d98a97,b01f77e4-9d3e-4c1f-8a2b-efd1216c8665,a0eebc99-9c0b-4ef8-bb6d-6bb9bd380a11,assistant,"To provide a tailored recommendation, I need a bit more context about the specific situation you're facing. Corporate coaches typically advise on navigating workplace challenges such as team dynamics, leadership issues, or strategic planning. If you can share more details about the scenario you're dealing with, I can outline precise strategies and approaches that would be beneficial. This could include how to manage relationships with stakeholders, improve team collaboration, or enhance your influence within your organization.",,,,2025-06-18 17:17:28.842+00,,2025-06-18 17:17:28.842+00,
b1296f21-20c7-4379-8031-748b52d9e1c0,af5653e0-ab89-47d7-b464-2ece5433238e,a0eebc99-9c0b-4ef8-bb6d-6bb9bd380a11,user,what does amy gallo say about offering value and if someone does not value her voice?,,,,2025-06-18 11:43:43.368+00,,2025-06-18 11:43:43.368+00,
b2167fa1-9cb3-4207-9179-033dda6097fc,b01f77e4-9d3e-4c1f-8a2b-efd1216c8665,a0eebc99-9c0b-4ef8-bb6d-6bb9bd380a11,assistant,"Handling an angry coworker requires a thoughtful approach that prioritizes de-escalation and understanding. Here are some key strategies you can consider: First, remain calm and composed. When your coworker expresses anger, it can be easy to react defensively. Instead, take a deep breath and listen actively. Allow them to express their feelings without interruption. This acknowledgment can help them feel heard and may reduce their frustration. Next, validate their feelings. You might say something like, ""I understand that you’re upset about this situation."" Validation doesn’t mean you agree with their perspective, but it shows empathy and can diffuse tension. After they’ve had a chance to vent, you can guide the conversation towards finding a solution. Ask open-ended questions to clarify their concerns and explore potential resolutions together. Finally, set boundaries if the anger escalates or becomes inappropriate. If the conversation turns hostile, it’s essential to protect yourself and maintain professionalism. You can suggest taking a break and revisiting the discussion later when emotions have cooled down. Power Move: After the encounter, reflect on the situation to identify any underlying issues that could be addressed, and consider discussing them with your manager if necessary.",,,,2025-06-18 17:15:40.578+00,,2025-06-18 17:15:40.578+00,
b51dddf3-7ea2-4c44-bf34-a8fc5f57d6c3,363c42f5-d08c-400c-9b4c-9def6a32f222,a0eebc99-9c0b-4ef8-bb6d-6bb9bd380a11,assistant,"Amy Gallo emphasizes the importance of understanding a situation thoroughly before offering advice or solutions. She argues that effective guidance stems from a comprehensive diagnosis of the problem at hand. This approach involves listening actively, asking probing questions, and gathering context about the individuals involved and the dynamics at play. By diagnosing first, you can tailor your advice to be more relevant and impactful, ensuring it aligns with the specific needs and circumstances of the person seeking help.

In a workplace context, this principle is particularly valuable. As a mid-manager, applying this strategy can enhance your team leadership and strategic planning skills. By taking the time to understand your team's challenges, motivations, and dynamics, you can provide more effective support and drive better outcomes.

Power Move: Schedule a one-on-one with a team member to discuss their current challenges and gather insights before offering any advice.",,,,2025-06-18 11:12:58.496+00,,2025-06-18 11:12:58.496+00,
b86c1e05-1748-4b24-925a-9920984132a9,63b951f3-9628-4476-88c2-6d9a0d15ecc6,a0eebc99-9c0b-4ef8-bb6d-6bb9bd380a11,user,How to exactly create psychological commitment of being present?,,,,2025-06-18 18:13:04.62+00,,2025-06-18 18:13:04.62+00,
b873c44a-0acb-4235-9ad0-813f957f4c20,550e8400-e29b-41d4-a716-446655440002,a0eebc99-9c0b-4ef8-bb6d-6bb9bd380a11,assistant,I can help you develop stronger leadership skills. What specific challenges are you facing?,,,,2025-06-18 17:34:09.638+00,,2025-06-18 17:34:09.54873+00,
c81567ef-e39e-493b-9bb0-b33eaa672441,550e8400-e29b-41d4-a716-446655440004,a0eebc99-9c0b-4ef8-bb6d-6bb9bd380a11,assistant,I can help you develop effective leadership strategies. What specific challenges are you facing with your team?,,,,2025-06-18 17:58:04.698+00,,2025-06-18 17:58:04.622845+00,
c86503aa-33b2-41e0-8668-f29f834ce430,550e8400-e29b-41d4-a716-446655440002,a0eebc99-9c0b-4ef8-bb6d-6bb9bd380a11,assistant,That's a common leadership challenge. Let's explore some strategies for accountability.,,,,2025-06-18 17:34:12.019+00,,2025-06-18 17:34:09.934974+00,
cb2c46d2-cb02-4b55-88b8-6493bcc64980,363c42f5-d08c-400c-9b4c-9def6a32f222,a0eebc99-9c0b-4ef8-bb6d-6bb9bd380a11,assistant,"Building influence in the workplace involves a combination of strategic networking, demonstrating expertise, and effectively communicating your ideas. Here are a few key strategies tailored to your mid-management position in the technology industry:

1. **Expand Your Network**: Cultivate relationships beyond your immediate team. Engage with colleagues from different departments to understand their challenges and perspectives. This not only broadens your influence but also positions you as a go-to person for collaboration and problem-solving.

2. **Demonstrate Expertise and Value**: Establish yourself as a thought leader in your area of expertise. Share insights during meetings, contribute to discussions, and volunteer for cross-functional projects. When others see the value you bring, they are more likely to support your initiatives.

3. **Communicate Effectively**: Tailor your communication style to your audience. Use clear, concise language and back your ideas with data or examples. Listening actively to others shows respect and builds rapport, making them more receptive to your viewpoints.

4. **Align with Organizational Goals**: Understand the broader objectives of your organization and align your contributions with these goals. When your work supports the company's mission, it increases your visibility and influence among senior leaders.

5. **Seek Feedback and Adapt**: Regularly solicit feedback from peers and supervisors to understand how your efforts are perceived. Use this information to refine your approach and demonstrate your commitment to personal growth and team success.

Power Move: Schedule informal coffee chats with colleagues from different departments to build relationships and identify collaboration opportunities.",,,,2025-06-18 11:12:24.048+00,,2025-06-18 11:12:24.048+00,
ccaa7b55-a4a2-4f1f-b17e-449b6847b4c2,63b951f3-9628-4476-88c2-6d9a0d15ecc6,884e627b-8049-41cb-ad9c-c880aa188345,user,How do I handle difficult conversations?,,,,2025-06-18 10:30:33.299+00,,2025-06-18 10:30:33.299+00,
cd7731ca-d6d3-452c-aaa6-ac4274306eda,63b951f3-9628-4476-88c2-6d9a0d15ecc6,884e627b-8049-41cb-ad9c-c880aa188345,assistant,"Handling difficult conversations effectively is crucial, especially in mid-management where you often need to balance team dynamics and organizational goals. Here’s a strategic approach:

1. **Prepare and Set Objectives**: Before initiating the conversation, clarify your goals. Understand what you want to achieve—whether it’s resolving a conflict, providing feedback, or discussing performance issues. Anticipate the other person's perspective and prepare to address their concerns.

2. **Create a Safe Environment**: Find a suitable time and place for the conversation where both parties feel comfortable. Initiate the dialogue with a calm demeanor and use active listening techniques. This helps to establish trust and encourages open communication.

3. **Use Clear and Respectful Language**: When discussing sensitive topics, be direct yet tactful. Use ""I"" statements to express your feelings and observations without sounding accusatory (e.g., ""I noticed that deadlines are missed, and it impacts the team’s productivity""). This approach helps to reduce defensiveness and keeps the focus on the issue rather than personal attributes.

4. **Be Open to Dialogue**: Encourage the other person to share their perspective and listen actively. Acknowledge their feelings and validate their concerns. This can foster a collaborative atmosphere and lead to more constructive outcomes.

After the conversation, follow up with a summary of what was discussed and any agreed-upon actions. This reinforces accountability and ensures clarity moving forward.

**Power Move:** Schedule a follow-up meeting to review progress and maintain open lines of communication.",,,,2025-06-18 10:30:42.185+00,,2025-06-18 10:30:42.185+00,
dcebbb5d-1513-4be2-8992-f65c4d345347,b01f77e4-9d3e-4c1f-8a2b-efd1216c8665,a0eebc99-9c0b-4ef8-bb6d-6bb9bd380a11,user,how to handle angry coworker?,,,,2025-06-18 17:15:23.688+00,,2025-06-18 17:15:23.688+00,
e8efa735-d1d8-4add-bc93-3d6035d7f867,12f9de74-b563-4865-a007-c54811f0bf3d,884e627b-8049-41cb-ad9c-c880aa188345,user,What are effective strategies for managing up?,,,,2025-06-17 17:35:56.43+00,,2025-06-17 17:35:56.43+00,
ed8b4674-8155-41ff-85b1-0573d76902f0,01945bc3-4b11-4e63-a89c-c408fd949444,a0eebc99-9c0b-4ef8-bb6d-6bb9bd380a11,assistant,"Building influence in your workplace, especially as a mid-manager in the technology sector, involves a blend of strategic relationship management, effective communication, and demonstrating value. Here are a few tactics to consider:

First, focus on understanding the needs and goals of your colleagues and superiors. Engage in active listening during meetings and one-on-ones to grasp their priorities. This not only helps you align your initiatives with their objectives but also positions you as a collaborative partner. Leverage your insights to propose solutions that address their challenges, which can enhance your reputation as a go-to resource.

Next, cultivate strong relationships across departments. Networking within your organization can facilitate the sharing of information and resources. Consider initiating cross-departmental projects or informal gatherings to foster connections. By being seen as a connector, you can increase your visibility and influence, making it easier to mobilize support when needed.

Lastly, showcase your achievements and the impact of your team's work. Use data and narratives to communicate successes and lessons learned in team meetings or company newsletters. This not only highlights your contributions but also reinforces your role as a leader who drives results.

Power Move: Schedule a one-on-one with a key stakeholder to discuss their goals and explore how you can support them effectively.",,,,2025-06-18 10:58:06.479+00,,2025-06-18 10:58:06.479+00,
f011a56d-3357-4874-9daf-845752eb5d00,63b951f3-9628-4476-88c2-6d9a0d15ecc6,a0eebc99-9c0b-4ef8-bb6d-6bb9bd380a11,user,how to cultivate environment that minimizes distractions?,,,,2025-06-18 18:13:49.444+00,,2025-06-18 18:13:49.444+00,
f19f0e0b-d989-4be6-be88-1bd61755be17,63b951f3-9628-4476-88c2-6d9a0d15ecc6,a0eebc99-9c0b-4ef8-bb6d-6bb9bd380a11,user,explain psychological ciommitment,,,,2025-06-18 18:42:12.691+00,,2025-06-18 18:42:12.691+00,
f2721986-2ce1-4d8f-a0de-09b8c97b3e93,12f9de74-b563-4865-a007-c54811f0bf3d,884e627b-8049-41cb-ad9c-c880aa188345,assistant,"Managing up is crucial for building a strong relationship with your supervisor and advancing your career. Here are effective strategies to consider:

1. **Understand Their Goals and Priorities**:
   - Schedule regular check-ins to discuss their objectives.
   - Align your work with their priorities to demonstrate that you understand and support their vision.

2. **Communicate Proactively**:
   - Provide regular updates on your projects.
   - Anticipate questions and concerns, and address them before they arise.

3. **Adapt to Their Communication Style**:
   - Observe how your manager prefers to communicate (email, in-person, brief updates) and adjust your style accordingly.

4. **Be Solution-Oriented**:
   - When presenting problems, come with potential solutions. This shows initiative and critical thinking.

5. **Seek Feedback and Act on It**:
   - Regularly ask for feedback and show that you’re willing to implement it. This builds trust and demonstrates your commitment to improvement.

6. **Manage Expectations**:
   - Clarify what your manager expects from you in terms of deliverables and timelines. Set realistic deadlines and communicate any potential roadblocks early.

7. **Build Rapport**:
   - Take time to understand your manager personally. A good relationship can make professional interactions smoother.

8. **Respect Their Time**:
   - Be concise in communications and avoid unnecessary meetings. Use agendas for meetings to keep discussions focused and efficient.

9. **Show Initiative**:
   - Volunteer for new projects or responsibilities that align with your manager's goals. This demonstrates your commitment and willingness to contribute to the team.

10. **Celebrate Their Successes**:
    - Acknowledge and celebrate your manager’s achievements. This fosters goodwill and strengthens your working relationship.

By implementing these strategies, you can create a more productive working relationship with your manager and enhance your own career development.",,,,2025-06-17 17:36:14.703+00,,2025-06-17 17:36:14.703+00,
ffe6269f-cf6c-4d88-85c5-26277e4d07d3,b01f77e4-9d3e-4c1f-8a2b-efd1216c8665,a0eebc99-9c0b-4ef8-bb6d-6bb9bd380a11,user,"what do the corporate coaches recommend to do  in this situation, exactly?",,,,2025-06-18 17:16:59.438+00,,2025-06-18 17:16:59.438+00,